chain,token_symbol,token_address,price_usd,price_change_pct,netflow_usd,market_cap_usd,flow_mcap_ratio,bucket,volume_usd,liquidity_usd,token_age_days
ethereum,CDXR,0x40aaf75454036bed56f3266ccf18f6b7befd6aca,0.020180433902334,-0.058208610090323736,412131.6194107813,33729028.7040088,0.012218899720696615,early,412131.6194107813,2836325.670113879,72.0
solana,CATE,Ai66LHZG9MCzg1WKdawwqduVAXpNDUuV8M3uyq5ppump,0.018397783621317877,17.167813400842327,43477.21428720788,17616893.9507943,0.002467927343415018,momentum,44356.18550995297,588226.6092511985,21.0
solana,BUTTCOIN,Cm6fNnMk7NfzStP9CZpsQA2v3jjzbcYGAxdJySmHpump,0.01036692377018707,6.676219880547532,20721.25374980042,10315354.2687449,0.002008777712325884,middle,20721.25374980042,586378.4102961664,219.0
base,INSTAPY,0xadfd49bbe91a530b8fd81e983b20ae8b56834bc1,0.00578841952123171,-18.737245368996103,15942.125705543542,5819122.69069542,0.0027396098265868255,early,16346.574293774567,103487.74387067449,157.0
solana,TOAD,A13oRB9FFaiUjfi6LdCg6p9ka1u8SfGkUFs4SKvPpump,0.006961107356129826,-14.44676128063035,15840.557576656207,6801824.64329852,0.002328868856133049,early,36798.79839102992,351701.194409072,8.0
bnb,币有,0xe9337dde3dd9e97f1f45a56412767ce5098e7777,0.00529871220914888,5.315809143149723,15827.608636438865,5208820.85668171,0.003038616430076629,middle,54472.47441595583,216284.09997767172,19.0
solana,MANLET,HxQhDGYqyjorgogMJx7YbBHADEDxuHhLnMMmr6VYpyn,0.003270061193925064,-18.69234571177418,12718.731838713322,3270695.04258555,0.003888693893227939,early,18462.344943189448,256777.203812924,11.0
base,GITHUB1S,0xadf0d9fc1751e91c2b746746a0a075cd8f708d2b,0.0176807980713382,69.02831697847556,12062.118128930457,17532562.622923,0.0006879837470627257,momentum,16087.579167064245,183459.02542232355,157.0
base,CHEAT.SH,0xadfd54cb2997d3a0077f0aafbd8ebbf9ac10b99c,0.00932346319952922,28.445330238953563,10599.232077900018,9325420.00667191,0.0011365956782983238,momentum,11934.833166333447,129599.00751895338,158.0
base,AI-HEDGE-FUND,0xadf4d5b9d7e54e3e85b667ed613a285bce36b821,0.00779941249019931,-27.43615194573869,8786.022479232748,7883698.08513757,0.0011144544583456652,early,8799.631806707532,123110.38460183535,158.0
bnb,RAVE,0x97693439ea2f0ecdeb9135881e49f354656a911c,0.274450811841853,-0.6714355084452306,7564.4442596582085,69383585.2887038,0.0001090235425019145,early,7564.4442596582085,955062.4092182722,301.0
bnb,GULD,0x14d6c649292c5c9790c5196d1a9ea039307947a1,0.0244886663936877,1.969300162037603,6476.702347759097,33060208.9957394,0.00019590627356874167,early,13269.487531280278,64226.25999607549,136.0
bnb,ESPORTS,0xf39e4b21c84e737df08e2c3b32541d856f508e48,0.0153272420590006,-2.58302464948332,6411.120762617339,2342359.398126,0.002737035472757316,early,6411.120762617339,344058.3778904098,418.0
base,KRATOS,0xadf180eee0ca21d89471571d327e222d0ed60384,0.00657703216391154,-6.057725652102421,5599.313056567322,6577032.16391154,0.0008513434201053471,early,5599.313056567322,122016.50027150496,269.0
solana,CLAW,739dnZEG4yaBWFsY8L8ZwrfhGG6dhtCSercW8Umspump,0.0030614846889232116,19.428164553313255,5192.203436020872,3148021.84286516,0.0016493543231883066,momentum,5192.203436020872,88979.6797750816,173.0
bnb,龙虾,0xeccbb861c0dda7efd964010085488b69317e4444,0.0204483861767335,2.620077887967306,5032.734433688634,20307811.15,0.00024782259380468167,early,5295.627495976532,642813.1136441126,170.0
solana,SPACEX,PreANxuXjsy2pvisWWMNB6YaJNzr7681wJJr2rHsfTh,511.6501474099467,-1.949361100032209,4997.810305977949,4473396.0,0.0011172295736791352,early,4997.810305977949,325792.1990274255,337.0
base,ESBUILD,0xadfcd749636648e3b3963dc5e9af4c3fd45bc697,0.00344038203136027,-11.134736494990024,4681.157082558799,3440382.03136027,0.0013606503696067574,early,6473.723360727257,82362.37236834002,145.0
bnb,XAUT,0x21caef8a43163eea865baee23b9c2e327696a3bf,4374.65699249818,0.39166247400651744,4431.1106841958535,118420208.169464,3.7418534831949954e-05,early,42564.71342778044,2640829.398630041,152.0
bnb,LIGHT,0x477c2c0459004e3354ba427fa285d7c053203c0e,0.183733636079356,6.835801616326656,4017.7875924171467,7790824.85365485,0.0005157076006569847,middle,4017.7875924171467,655061.6870682474,326.0
base,ANT-DESIGN,0xadf0bed4f5f90354ba5bd0a9b05d50029eb30cf5,0.0119997019014523,10.076512511946575,3766.01326765135,11681091.7888469,0.0003224025061807268,middle,3766.01326765135,150009.31150457452,247.0
base,FISH-SPEECH,0xadf2102dc0cef14d3f1395fb233bb7e9c80642d3,0.0207006360162814,-1.425497058236059,3607.1250004833864,20685572.2639782,0.00017437878703335777,early,5294.030458452319,199922.30614507286,158.0
bnb,POWER,0x9dc44ae5be187eca9e2a67e33f27a4c91cea1223,0.0834499478253837,-0.3516595325833999,3450.2665655976352,17459543.64,0.00019761493408642353,early,3450.2665655976352,235173.87262267518,297.0
base,SPOTUBE,0xadfe990d271d83a0829323131b95828542454908,0.00107833669706602,13.359134370527995,3256.6896197502697,1117323.50535588,0.002914723984718265,middle,3409.8980045872627,45627.03132945197,157.0
bnb,IDOL,0x3b4de3c7855c03bb9f50ea252cd2c9fa1125ab07,0.0169597682102942,0.5686237813828771,3193.7414028770067,34323022.0792783,9.304953962096337e-05,early,3193.7414028770067,513335.7644305327,433.0
bnb,LYN,0x302dfaf2cdbe51a18d97186a7384e87cf599877d,0.035729712103060994,-0.792781229672779,2671.596731566811,7484995.80136,0.00035692695125912966,early,2671.596731566811,39052.83742285415,319.0
base,GFPGAN,0xadf4d22a0abe1da8299c83ea227e97566b27fefb,0.00302097150802475,43.112146458448166,2598.2433379904674,3031698.7615591,0.0008570255630062266,momentum,4119.049308749072,76404.04725478645,145.0
base,PARALLEL-HASHMAP,0xadf3bb8fa4f8b40940fc8cc21ed9a0e6d65717d1,0.0117449391008285,-1.0815576072444726,2486.8127997343636,11744939.1008285,0.0002117348398646819,early,5502.881435686973,151476.89755541473,255.0
bnb,SUMMER,0xeeb3d73d4dd44e6e4d957d89492f05d5ccee7777,0.00117992291050735,-10.276640563120047,2440.385582817391,1249466.93395561,0.001953141388937381,early,2440.385582817391,69438.10330118352,15.0
solana,SQUIRE,EN2nnxrg8uUi6x2sJkzNPd2eT6rB9rdSoQNNaENA4RZA,0.0013535405312700825,38.33443977579481,2419.008442946532,1320868.61068855,0.0018313770373311676,momentum,7322.181344024128,139951.03081247173,151.0
base,PRISMA,0xadf0d31463cb2f2a88dbf0bcb22964a7d5960c25,0.00680345318079361,119.22344161400918,2400.1383293564063,6769478.19334206,0.00035455293019733756,momentum,3294.8198288684957,114353.72388017198,156.0
base,WHISPER,0xadf1cdae27b2f3df38ade6b0e40231b97eceee1c,0.0123533748694315,4.743870612591565,2155.607116385417,10831476.5410619,0.00019901322854862452,early,8750.230398963895,144055.2839210809,157.0
base,MONGO,0xadf9afd4fa1dfef7a06a7cd56140af14a4dc2860,0.00729350872987118,1.8774772172034426,2128.1615316372827,7131696.7342978,0.0002984088655091733,early,4777.80528707116,118608.79099916715,157.0
solana,KIO,7rMnp9EJd61SvNn8LGc7SAJeQxM36oeECKmP2a7opump,0.0010733346654990099,-20.899886320738876,1882.694903831202,1078090.39276018,0.0017463237929530512,early,4234.219203109884,66006.5836079731,12.0
solana,STONK,6GmAFSYs4gk3FDao5FzzySQpPZaWsa4rUJHacpMpUNgx,0.008654433898481617,-14.137203680228582,1818.029662399108,8038798.2839155,0.00022615689537038497,early,14191.853167826812,413215.00543342385,24.0
bnb,XNY,0xe3225e11cab122f1a126a28997788e5230838ab9,0.00754289675557611,-7.136104259659744,1805.686525449199,18770050.6425,9.620040775812729e-05,early,1805.686525449199,61960.001759277045,418.0
solana,CUPSEY,6NwarBvDkXhByqVp2Qkq5i9XbtA2B3Bwe8SWGu9vpump,0.009637607321314983,9.52363573687541,1657.7002999840338,9703575.49821196,0.0001708339673648638,middle,1657.7002999840338,221621.87389982975,208.0
solana,GTAVI,EpVHyKK8oxcLmp2C2NhAos1oDxgBNriw3wSLSozYpump,0.0010184197561732829,-2.182654895686277,1491.1421451782714,1018292.36983233,0.0014643556107798391,early,1491.1421451782714,62703.621046217464,59.0
base,INFLUXDB,0xadf11a532448fa500827ce858f0706c1d5ff5418,0.00274103669685726,42.97912634184024,1380.247174189718,2753525.88744994,0.0005012653705129952,momentum,2241.9011739864327,72733.71052968639,157.0
base,UNION,0xadf55e4bc92b14619b9d3e94400c5fb64fcfa6e8,0.00162756236727837,32.53053713262713,1127.2575379310856,1681889.38951429,0.0006702328613040506,momentum,1410.1239000484375,56082.14212529505,156.0
base,YESPLAYMUSIC,0xadf5814f0ba9e691815c95008880be76e8a81e15,0.0224821128832981,-10.939582370978842,1112.8045256975838,22490494.5323876,4.9478882027030647e-05,early,9140.883804700728,207296.7749910879,157.0
base,DOGINME,0x6921b130d297cc43754afba22e5eac0fbf8db75b,7.30560464982484e-05,28.10537847781053,550.4172885867918,5040976.01959183,0.00010918863459131458,momentum,3212.4684048916342,459574.5513263692,924.0
base,ANYHOW,0xadfef873975ef4b6e13626f101b3d5c89f18da13,0.00300499677712676,10.59431062740087,516.9805026887111,3010465.36138668,0.0001717277698390722,middle,2089.0801990286745,77040.58769102216,246.0
bnb,LOT,0xbfe78de7d1c51e0868501d5fa3e88e674c79acdd,0.00580131990595673,-7.912593494024065,352.07147305838953,2675832.85027181,0.00013157453875440174,early,3166.9147790547954,223717.884371984,425.0
base,ADS,0xb20a4bd059f5914a2f8b9c18881c637f79efb7df,0.393497853324975,1.0751068855672783,33.29628712019621,15249870.6246331,2.18338161285203e-06,early,122542.28333001732,8203338.461895843,524.0
bnb,QUQ,0x4fa7c69a7b69f8bc48233024d546bc299d6b03bf,0.00180460425291173,0.33178040148559146,7.390158035588684,1804084.553,4.096347936298019e-06,early,74196.65037641863,2163043.29649832,513.0
bnb,牛来,0xbeea1d618e533a387d941f58a7d4c9b7bd377777,0.0154511363820729,160.90727752551823,-160.90773433489812,14955202.8540095,-1.0759314728503241e-05,momentum,112774.6128710887,551507.1766828093,3.0
base,SPLEETER,0xadf40491d185db435355c0f1d4ff159e1e04789e,0.00838235719678413,17.204918953899096,-194.99603343465333,8506087.02746161,-2.2924293250834998e-05,momentum,6862.505622995768,123906.9337780872,157.0
base,EXO,0xadfc90bc7f798c14a6450fb547a89307c670f3a6,0.00110008597935497,-43.67529680750681,-439.00981670126066,1100085.97935497,-0.00039906864094265787,early,7888.808686557726,45966.651713166786,157.0
base,SERVER,0xadf52088bdabbdd9077a0ed70e18226d75bd8d34,0.00185672696418575,43.48856639106437,-599.9407095087254,1933166.06046092,-0.000310341010935027,momentum,4236.320253229489,61198.39923078177,159.0
