evaluation_id,theory_id,theory_role,block_id,chain,symbol,token_address,signal_timestamp,entry_timestamp,exit_timestamp,holding_period_hours,gross_return_pct,gross_objective_pct,base_objective_pct,stress_objective_pct
2026-08-17-paper-strategy-feasibility,breadth-acceleration-inflection-v1,entry,chronological-block-1,base,PRISMA,0xadf0d31463cb2f2a88dbf0bcb22964a7d5960c25,2026-08-13T23:00:00Z,2026-08-14T00:00:00Z,2026-08-14T04:00:00Z,4,-16.824192008696,-16.824192008696,-18.479390587722953,-20.930997528266637
2026-08-17-paper-strategy-feasibility,breadth-acceleration-inflection-v1,entry,chronological-block-2,base,CHEAT.SH,0xadfd54cb2997d3a0077f0aafbd8ebbf9ac10b99c,2026-08-15T06:00:00Z,2026-08-15T07:00:00Z,2026-08-15T11:00:00Z,4,24.371544420946,24.371544420946,21.896550686969164,18.2306994151618
2026-08-17-paper-strategy-feasibility,breadth-acceleration-inflection-v1,entry,chronological-block-3,base,CHEAT.SH,0xadfd54cb2997d3a0077f0aafbd8ebbf9ac10b99c,2026-08-15T13:00:00Z,2026-08-15T14:00:00Z,2026-08-15T18:00:00Z,4,12.699235364219,12.699235364219,10.45652058047104,7.1347106181106845
2026-08-17-paper-strategy-feasibility,distribution-risk-off-veto-v1,veto,chronological-block-1,base,PRISMA,0xadf0d31463cb2f2a88dbf0bcb22964a7d5960c25,2026-08-14T08:00:00Z,2026-08-14T09:00:00Z,2026-08-14T13:00:00Z,4,4.515701584742,-4.515701584742,-6.515701584742,-9.515701584742
2026-08-17-paper-strategy-feasibility,distribution-risk-off-veto-v1,veto,chronological-block-1,solana,CATE,Ai66LHZG9MCzg1WKdawwqduVAXpNDUuV8M3uyq5ppump,2026-08-13T23:00:00Z,2026-08-14T00:00:00Z,2026-08-14T04:00:00Z,4,-8.552920761774,8.552920761774,6.552920761774001,3.5529207617740006
2026-08-17-paper-strategy-feasibility,distribution-risk-off-veto-v1,veto,chronological-block-1,solana,TOAD,A13oRB9FFaiUjfi6LdCg6p9ka1u8SfGkUFs4SKvPpump,2026-08-14T01:00:00Z,2026-08-14T02:00:00Z,2026-08-14T06:00:00Z,4,-3.419146216225,3.419146216225,1.4191462162250001,-1.5808537837749999
2026-08-17-paper-strategy-feasibility,flow-only-benchmark-v1,reference,chronological-block-1,base,AI-HEDGE-FUND,0xadf4d5b9d7e54e3e85b667ed613a285bce36b821,2026-08-13T22:00:00Z,2026-08-13T23:00:00Z,2026-08-14T03:00:00Z,4,3.454287808784,3.454287808784,1.3955474813892144,-1.6537676517747069
2026-08-17-paper-strategy-feasibility,flow-only-benchmark-v1,reference,chronological-block-1,base,AI-HEDGE-FUND,0xadf4d5b9d7e54e3e85b667ed613a285bce36b821,2026-08-14T07:00:00Z,2026-08-14T08:00:00Z,2026-08-14T12:00:00Z,4,-14.596101182791,-14.596101182791,-16.29563876925346,-18.8129186868907
2026-08-17-paper-strategy-feasibility,flow-only-benchmark-v1,reference,chronological-block-1,base,CHEAT.SH,0xadfd54cb2997d3a0077f0aafbd8ebbf9ac10b99c,2026-08-13T15:00:00Z,2026-08-13T16:00:00Z,2026-08-13T20:00:00Z,4,4.837490937456,4.837490937456,2.751224867800617,-0.3388601775808908
2026-08-17-paper-strategy-feasibility,flow-only-benchmark-v1,reference,chronological-block-1,base,CHEAT.SH,0xadfd54cb2997d3a0077f0aafbd8ebbf9ac10b99c,2026-08-13T20:00:00Z,2026-08-13T21:00:00Z,2026-08-14T01:00:00Z,4,25.514492150163,25.514492150163,23.016753756374754,19.31721410024869
2026-08-17-paper-strategy-feasibility,flow-only-benchmark-v1,reference,chronological-block-1,base,CHEAT.SH,0xadfd54cb2997d3a0077f0aafbd8ebbf9ac10b99c,2026-08-14T02:00:00Z,2026-08-14T03:00:00Z,2026-08-14T07:00:00Z,4,-8.473485499687,-8.473485499687,-10.294863138243237,-12.992607153139968
2026-08-17-paper-strategy-feasibility,flow-only-benchmark-v1,reference,chronological-block-1,base,CHEAT.SH,0xadfd54cb2997d3a0077f0aafbd8ebbf9ac10b99c,2026-08-14T09:00:00Z,2026-08-14T10:00:00Z,2026-08-14T14:00:00Z,4,-12.921134285108,-12.921134285108,-14.654003712834351,-17.220653279780795
2026-08-17-paper-strategy-feasibility,flow-only-benchmark-v1,reference,chronological-block-1,base,MONGO,0xadf9afd4fa1dfef7a06a7cd56140af14a4dc2860,2026-08-13T12:00:00Z,2026-08-13T13:00:00Z,2026-08-13T17:00:00Z,4,-5.863259071992,-5.863259071992,-7.736580216459366,-10.511260655312393
2026-08-17-paper-strategy-feasibility,flow-only-benchmark-v1,reference,chronological-block-1,base,MONGO,0xadf9afd4fa1dfef7a06a7cd56140af14a4dc2860,2026-08-14T06:00:00Z,2026-08-14T07:00:00Z,2026-08-14T11:00:00Z,4,-0.347519927014,-0.347519927014,-2.3306042804664195,-5.267861130617679
2026-08-17-paper-strategy-feasibility,flow-only-benchmark-v1,reference,chronological-block-1,base,PRISMA,0xadf0d31463cb2f2a88dbf0bcb22964a7d5960c25,2026-08-13T15:00:00Z,2026-08-13T16:00:00Z,2026-08-13T20:00:00Z,4,3.794532987882,3.794532987882,1.7290217814231346,-1.3303220783946856
2026-08-17-paper-strategy-feasibility,flow-only-benchmark-v1,reference,chronological-block-1,base,PRISMA,0xadf0d31463cb2f2a88dbf0bcb22964a7d5960c25,2026-08-13T20:00:00Z,2026-08-13T21:00:00Z,2026-08-14T01:00:00Z,4,1.96222952943,1.96222952943,-0.06681883820567336,-3.0721555535856204
2026-08-17-paper-strategy-feasibility,flow-only-benchmark-v1,reference,chronological-block-1,base,PRISMA,0xadf0d31463cb2f2a88dbf0bcb22964a7d5960c25,2026-08-14T04:00:00Z,2026-08-14T05:00:00Z,2026-08-14T09:00:00Z,4,-10.649268895052,-10.649268895052,-12.427348444040465,-15.060961243358816
2026-08-17-paper-strategy-feasibility,flow-only-benchmark-v1,reference,chronological-block-1,base,PRISMA,0xadf0d31463cb2f2a88dbf0bcb22964a7d5960c25,2026-08-14T09:00:00Z,2026-08-14T10:00:00Z,2026-08-14T14:00:00Z,4,16.144702534364,16.144702534364,13.833422953930153,10.41005784672977
2026-08-17-paper-strategy-feasibility,flow-only-benchmark-v1,reference,chronological-block-1,ethereum,CDXR,0x40aaf75454036bed56f3266ccf18f6b7befd6aca,2026-08-13T22:00:00Z,2026-08-13T23:00:00Z,2026-08-14T03:00:00Z,4,-0.05329198779,-0.05329198779,-2.042231477232981,-4.988160695892885
2026-08-17-paper-strategy-feasibility,flow-only-benchmark-v1,reference,chronological-block-1,solana,CATE,Ai66LHZG9MCzg1WKdawwqduVAXpNDUuV8M3uyq5ppump,2026-08-13T12:00:00Z,2026-08-13T13:00:00Z,2026-08-13T17:00:00Z,4,28.361717790673,28.361717790673,25.8073196066386,22.02385797475852
2026-08-17-paper-strategy-feasibility,flow-only-benchmark-v1,reference,chronological-block-1,solana,CATE,Ai66LHZG9MCzg1WKdawwqduVAXpNDUuV8M3uyq5ppump,2026-08-13T19:00:00Z,2026-08-13T20:00:00Z,2026-08-14T00:00:00Z,4,-5.794203580968,-5.794203580968,-7.668898929706747,-10.445614779157719
2026-08-17-paper-strategy-feasibility,flow-only-benchmark-v1,reference,chronological-block-1,solana,CATE,Ai66LHZG9MCzg1WKdawwqduVAXpNDUuV8M3uyq5ppump,2026-08-14T01:00:00Z,2026-08-14T02:00:00Z,2026-08-14T06:00:00Z,4,-6.376831468261,-6.376831468261,-8.239932522042604,-10.999475414515626
2026-08-17-paper-strategy-feasibility,flow-only-benchmark-v1,reference,chronological-block-1,solana,CATE,Ai66LHZG9MCzg1WKdawwqduVAXpNDUuV8M3uyq5ppump,2026-08-14T10:00:00Z,2026-08-14T11:00:00Z,2026-08-14T15:00:00Z,4,-4.496156549106,-4.496156549106,-6.396683033778794,-9.211658819493895
2026-08-17-paper-strategy-feasibility,flow-only-benchmark-v1,reference,chronological-block-1,solana,TOAD,A13oRB9FFaiUjfi6LdCg6p9ka1u8SfGkUFs4SKvPpump,2026-08-13T12:00:00Z,2026-08-13T13:00:00Z,2026-08-13T17:00:00Z,4,14.556036243907,14.556036243907,12.276371122653252,8.899831954364101
2026-08-17-paper-strategy-feasibility,flow-only-benchmark-v1,reference,chronological-block-1,solana,TOAD,A13oRB9FFaiUjfi6LdCg6p9ka1u8SfGkUFs4SKvPpump,2026-08-13T18:00:00Z,2026-08-13T19:00:00Z,2026-08-13T23:00:00Z,4,8.977609869283,8.977609869283,6.808955432884267,3.596840381987132
2026-08-17-paper-strategy-feasibility,flow-only-benchmark-v1,reference,chronological-block-1,solana,TOAD,A13oRB9FFaiUjfi6LdCg6p9ka1u8SfGkUFs4SKvPpump,2026-08-14T03:00:00Z,2026-08-14T04:00:00Z,2026-08-14T08:00:00Z,4,-8.750366945852,-8.750366945852,-10.566234643629546,-13.255817577900563
2026-08-17-paper-strategy-feasibility,flow-only-benchmark-v1,reference,chronological-block-2,base,AI-HEDGE-FUND,0xadf4d5b9d7e54e3e85b667ed613a285bce36b821,2026-08-14T14:00:00Z,2026-08-14T15:00:00Z,2026-08-14T19:00:00Z,4,35.970864482124,35.970864482124,33.265044278929714,29.257303048319105
2026-08-17-paper-strategy-feasibility,flow-only-benchmark-v1,reference,chronological-block-2,base,AI-HEDGE-FUND,0xadf4d5b9d7e54e3e85b667ed613a285bce36b821,2026-08-15T03:00:00Z,2026-08-15T04:00:00Z,2026-08-15T08:00:00Z,4,12.060156744871,12.060156744871,9.830159625648061,6.527186505592986
2026-08-17-paper-strategy-feasibility,flow-only-benchmark-v1,reference,chronological-block-2,base,AI-HEDGE-FUND,0xadf4d5b9d7e54e3e85b667ed613a285bce36b821,2026-08-15T09:00:00Z,2026-08-15T10:00:00Z,2026-08-15T14:00:00Z,4,0.13957871157,0.13957871157,-1.853198904790243,-4.8048129873137775
2026-08-17-paper-strategy-feasibility,flow-only-benchmark-v1,reference,chronological-block-2,base,CHEAT.SH,0xadfd54cb2997d3a0077f0aafbd8ebbf9ac10b99c,2026-08-14T20:00:00Z,2026-08-14T21:00:00Z,2026-08-15T01:00:00Z,4,35.898057365696,35.898057365696,33.19368602411865,29.18809078326474
2026-08-17-paper-strategy-feasibility,flow-only-benchmark-v1,reference,chronological-block-2,base,CHEAT.SH,0xadfd54cb2997d3a0077f0aafbd8ebbf9ac10b99c,2026-08-15T03:00:00Z,2026-08-15T04:00:00Z,2026-08-15T08:00:00Z,4,-8.562476150422,-8.562476150422,-10.382082875028608,-13.077203890494914
2026-08-17-paper-strategy-feasibility,flow-only-benchmark-v1,reference,chronological-block-2,base,CHEAT.SH,0xadfd54cb2997d3a0077f0aafbd8ebbf9ac10b99c,2026-08-15T08:00:00Z,2026-08-15T09:00:00Z,2026-08-15T13:00:00Z,4,20.902328564744,20.902328564744,18.496372226305603,14.932776091859768
2026-08-17-paper-strategy-feasibility,flow-only-benchmark-v1,reference,chronological-block-2,base,MONGO,0xadf9afd4fa1dfef7a06a7cd56140af14a4dc2860,2026-08-14T12:00:00Z,2026-08-14T13:00:00Z,2026-08-14T17:00:00Z,4,7.952859890668,7.952859890668,5.804597978843717,2.622687433566262
2026-08-17-paper-strategy-feasibility,flow-only-benchmark-v1,reference,chronological-block-2,base,MONGO,0xadf9afd4fa1dfef7a06a7cd56140af14a4dc2860,2026-08-14T19:00:00Z,2026-08-14T20:00:00Z,2026-08-15T00:00:00Z,4,1.97721551851,1.97721551851,-0.05213107030834774,-3.0579094977164267
2026-08-17-paper-strategy-feasibility,flow-only-benchmark-v1,reference,chronological-block-2,base,MONGO,0xadf9afd4fa1dfef7a06a7cd56140af14a4dc2860,2026-08-15T00:00:00Z,2026-08-15T01:00:00Z,2026-08-15T05:00:00Z,4,-16.353785551347,-16.353785551347,-18.018345218875197,-20.483817389749237
2026-08-17-paper-strategy-feasibility,flow-only-benchmark-v1,reference,chronological-block-2,base,MONGO,0xadf9afd4fa1dfef7a06a7cd56140af14a4dc2860,2026-08-15T08:00:00Z,2026-08-15T09:00:00Z,2026-08-15T13:00:00Z,4,-5.2141661404,-5.2141661404,-7.100404234206037,-9.89421668721775
2026-08-17-paper-strategy-feasibility,flow-only-benchmark-v1,reference,chronological-block-2,base,PRISMA,0xadf0d31463cb2f2a88dbf0bcb22964a7d5960c25,2026-08-14T18:00:00Z,2026-08-14T19:00:00Z,2026-08-14T23:00:00Z,4,-6.928688598424,-6.928688598424,-8.780807695315362,-11.524084598876827
2026-08-17-paper-strategy-feasibility,flow-only-benchmark-v1,reference,chronological-block-2,base,PRISMA,0xadf0d31463cb2f2a88dbf0bcb22964a7d5960c25,2026-08-14T23:00:00Z,2026-08-15T00:00:00Z,2026-08-15T04:00:00Z,4,-13.758657095848,-13.758657095848,-15.47485981964063,-18.01682340174051
2026-08-17-paper-strategy-feasibility,flow-only-benchmark-v1,reference,chronological-block-2,base,PRISMA,0xadf0d31463cb2f2a88dbf0bcb22964a7d5960c25,2026-08-15T09:00:00Z,2026-08-15T10:00:00Z,2026-08-15T14:00:00Z,4,33.073390322335,33.073390322335,30.42522985492053,26.502891675169703
2026-08-17-paper-strategy-feasibility,flow-only-benchmark-v1,reference,chronological-block-2,ethereum,CDXR,0x40aaf75454036bed56f3266ccf18f6b7befd6aca,2026-08-14T12:00:00Z,2026-08-14T13:00:00Z,2026-08-14T17:00:00Z,4,0.038256597908,0.038256597908,-1.952504708390379,-4.90113232161371
2026-08-17-paper-strategy-feasibility,flow-only-benchmark-v1,reference,chronological-block-2,solana,CATE,Ai66LHZG9MCzg1WKdawwqduVAXpNDUuV8M3uyq5ppump,2026-08-14T17:00:00Z,2026-08-14T18:00:00Z,2026-08-14T22:00:00Z,4,-0.1219910706,-0.1219910706,-2.109563448295071,-5.053467761489139
2026-08-17-paper-strategy-feasibility,flow-only-benchmark-v1,reference,chronological-block-2,solana,CATE,Ai66LHZG9MCzg1WKdawwqduVAXpNDUuV8M3uyq5ppump,2026-08-14T22:00:00Z,2026-08-14T23:00:00Z,2026-08-15T03:00:00Z,4,4.526067561087,4.526067561087,2.445998816621353,-0.6349070247416821
2026-08-17-paper-strategy-feasibility,flow-only-benchmark-v1,reference,chronological-block-2,solana,CATE,Ai66LHZG9MCzg1WKdawwqduVAXpNDUuV8M3uyq5ppump,2026-08-15T04:00:00Z,2026-08-15T05:00:00Z,2026-08-15T09:00:00Z,4,4.148599906171,4.148599906171,2.0760427680381888,-0.9937372141961998
2026-08-17-paper-strategy-feasibility,flow-only-benchmark-v1,reference,chronological-block-2,solana,CATE,Ai66LHZG9MCzg1WKdawwqduVAXpNDUuV8M3uyq5ppump,2026-08-15T09:00:00Z,2026-08-15T10:00:00Z,2026-08-15T14:00:00Z,4,10.240268929415,10.240268929415,8.046487577719642,4.797155651025142
2026-08-17-paper-strategy-feasibility,flow-only-benchmark-v1,reference,chronological-block-2,solana,TOAD,A13oRB9FFaiUjfi6LdCg6p9ka1u8SfGkUFs4SKvPpump,2026-08-14T11:00:00Z,2026-08-14T12:00:00Z,2026-08-14T16:00:00Z,4,4.599835131182,4.599835131182,2.5182984120714735,-0.5647817284201162
2026-08-17-paper-strategy-feasibility,flow-only-benchmark-v1,reference,chronological-block-2,solana,TOAD,A13oRB9FFaiUjfi6LdCg6p9ka1u8SfGkUFs4SKvPpump,2026-08-15T00:00:00Z,2026-08-15T01:00:00Z,2026-08-15T05:00:00Z,4,-2.092516251674,-2.092516251674,-4.04087517826569,-6.9266982617476
2026-08-17-paper-strategy-feasibility,flow-only-benchmark-v1,reference,chronological-block-2,solana,TOAD,A13oRB9FFaiUjfi6LdCg6p9ka1u8SfGkUFs4SKvPpump,2026-08-15T05:00:00Z,2026-08-15T06:00:00Z,2026-08-15T10:00:00Z,4,-5.587396828569,-5.587396828569,-7.4662076316804775,-10.24901911015842
2026-08-17-paper-strategy-feasibility,flow-only-benchmark-v1,reference,chronological-block-3,base,AI-HEDGE-FUND,0xadf4d5b9d7e54e3e85b667ed613a285bce36b821,2026-08-15T17:00:00Z,2026-08-15T18:00:00Z,2026-08-15T22:00:00Z,4,-24.994688010787,-24.994688010787,-26.487293719372353,-28.698075290254398
2026-08-17-paper-strategy-feasibility,flow-only-benchmark-v1,reference,chronological-block-3,base,AI-HEDGE-FUND,0xadf4d5b9d7e54e3e85b667ed613a285bce36b821,2026-08-16T02:00:00Z,2026-08-16T03:00:00Z,2026-08-16T07:00:00Z,4,17.136292535339,17.136292535339,14.80528031388575,11.352688091406616
2026-08-17-paper-strategy-feasibility,flow-only-benchmark-v1,reference,chronological-block-3,base,CHEAT.SH,0xadfd54cb2997d3a0077f0aafbd8ebbf9ac10b99c,2026-08-15T16:00:00Z,2026-08-15T17:00:00Z,2026-08-15T21:00:00Z,4,-4.293269739998,-4.293269739998,-6.197833672172037,-9.018789546585603
2026-08-17-paper-strategy-feasibility,flow-only-benchmark-v1,reference,chronological-block-3,base,CHEAT.SH,0xadfd54cb2997d3a0077f0aafbd8ebbf9ac10b99c,2026-08-16T00:00:00Z,2026-08-16T01:00:00Z,2026-08-16T05:00:00Z,4,-0.403083973784,-0.403083973784,-2.385062602705701,-5.3206817025784225
2026-08-17-paper-strategy-feasibility,flow-only-benchmark-v1,reference,chronological-block-3,base,MONGO,0xadf9afd4fa1dfef7a06a7cd56140af14a4dc2860,2026-08-15T14:00:00Z,2026-08-15T15:00:00Z,2026-08-15T19:00:00Z,4,-5.187702731727,-5.187702731727,-7.074467447365629,-9.869059909347977
2026-08-17-paper-strategy-feasibility,flow-only-benchmark-v1,reference,chronological-block-3,base,MONGO,0xadf9afd4fa1dfef7a06a7cd56140af14a4dc2860,2026-08-15T23:00:00Z,2026-08-16T00:00:00Z,2026-08-16T04:00:00Z,4,20.376736252965,20.376736252965,17.981239201530986,14.433134900474819
2026-08-17-paper-strategy-feasibility,flow-only-benchmark-v1,reference,chronological-block-3,base,PRISMA,0xadf0d31463cb2f2a88dbf0bcb22964a7d5960c25,2026-08-15T14:00:00Z,2026-08-15T15:00:00Z,2026-08-15T19:00:00Z,4,28.702775380307,28.702775380307,26.14159015023887,22.348075845904326
2026-08-17-paper-strategy-feasibility,flow-only-benchmark-v1,reference,chronological-block-3,base,PRISMA,0xadf0d31463cb2f2a88dbf0bcb22964a7d5960c25,2026-08-15T21:00:00Z,2026-08-15T22:00:00Z,2026-08-16T02:00:00Z,4,43.810681933613,43.810681933613,40.94884936313407,36.71002951314084
2026-08-17-paper-strategy-feasibility,flow-only-benchmark-v1,reference,chronological-block-3,ethereum,CDXR,0x40aaf75454036bed56f3266ccf18f6b7befd6aca,2026-08-15T15:00:00Z,2026-08-15T16:00:00Z,2026-08-15T20:00:00Z,4,-0.009561600612,-0.009561600612,-1.9993713247598133,-4.946589496581777
2026-08-17-paper-strategy-feasibility,flow-only-benchmark-v1,reference,chronological-block-3,ethereum,CDXR,0x40aaf75454036bed56f3266ccf18f6b7befd6aca,2026-08-15T22:00:00Z,2026-08-15T23:00:00Z,2026-08-16T03:00:00Z,4,-0.067971940334,-0.067971940334,-2.0566192987213516,-5.002115825780007
2026-08-17-paper-strategy-feasibility,flow-only-benchmark-v1,reference,chronological-block-3,solana,CATE,Ai66LHZG9MCzg1WKdawwqduVAXpNDUuV8M3uyq5ppump,2026-08-15T14:00:00Z,2026-08-15T15:00:00Z,2026-08-15T19:00:00Z,4,2.029479183357,2.029479183357,-0.0009074523917962374,-3.0082263513212415
2026-08-17-paper-strategy-feasibility,flow-only-benchmark-v1,reference,chronological-block-3,solana,CATE,Ai66LHZG9MCzg1WKdawwqduVAXpNDUuV8M3uyq5ppump,2026-08-15T20:00:00Z,2026-08-15T21:00:00Z,2026-08-16T01:00:00Z,4,3.68043083538,3.68043083538,1.617190261755952,-1.438790437116888
2026-08-17-paper-strategy-feasibility,flow-only-benchmark-v1,reference,chronological-block-3,solana,CATE,Ai66LHZG9MCzg1WKdawwqduVAXpNDUuV8M3uyq5ppump,2026-08-16T01:00:00Z,2026-08-16T02:00:00Z,2026-08-16T06:00:00Z,4,2.207310671361,2.207310671361,0.1733851890009186,-2.8391752930374548
2026-08-17-paper-strategy-feasibility,flow-only-benchmark-v1,reference,chronological-block-3,solana,TOAD,A13oRB9FFaiUjfi6LdCg6p9ka1u8SfGkUFs4SKvPpump,2026-08-15T13:00:00Z,2026-08-15T14:00:00Z,2026-08-15T18:00:00Z,4,1.232195841676,1.232195841676,-0.7823248555733575,-3.7661438280067627
2026-08-17-paper-strategy-feasibility,flow-only-benchmark-v1,reference,chronological-block-3,solana,TOAD,A13oRB9FFaiUjfi6LdCg6p9ka1u8SfGkUFs4SKvPpump,2026-08-15T21:00:00Z,2026-08-15T22:00:00Z,2026-08-16T02:00:00Z,4,-2.959503630741,-2.959503630741,-4.890609508489263,-7.750878138973172
2026-08-17-paper-strategy-feasibility,holder-breadth-nonpositive-arm-v1,comparison,chronological-block-1,base,AI-HEDGE-FUND,0xadf4d5b9d7e54e3e85b667ed613a285bce36b821,2026-08-14T03:00:00Z,2026-08-14T04:00:00Z,2026-08-14T16:00:00Z,12,1.50918458064,1.50918458064,-0.5108481925147346,-3.5028314080291056
2026-08-17-paper-strategy-feasibility,holder-breadth-nonpositive-arm-v1,comparison,chronological-block-1,base,CHEAT.SH,0xadfd54cb2997d3a0077f0aafbd8ebbf9ac10b99c,2026-08-13T11:00:00Z,2026-08-13T12:00:00Z,2026-08-14T00:00:00Z,12,25.692687658665,25.692687658665,23.191403174257562,19.4866112055184
2026-08-17-paper-strategy-feasibility,holder-breadth-nonpositive-arm-v1,comparison,chronological-block-1,base,MONGO,0xadf9afd4fa1dfef7a06a7cd56140af14a4dc2860,2026-08-13T11:00:00Z,2026-08-13T12:00:00Z,2026-08-14T00:00:00Z,12,-15.309466160933,-15.309466160933,-16.994807784330433,-19.491061269236944
2026-08-17-paper-strategy-feasibility,holder-breadth-nonpositive-arm-v1,comparison,chronological-block-1,solana,CATE,Ai66LHZG9MCzg1WKdawwqduVAXpNDUuV8M3uyq5ppump,2026-08-13T18:00:00Z,2026-08-13T19:00:00Z,2026-08-14T07:00:00Z,12,-22.88575325388,-22.88575325388,-24.420326764127797,-26.69326918696968
2026-08-17-paper-strategy-feasibility,holder-breadth-nonpositive-arm-v1,comparison,chronological-block-1,solana,TOAD,A13oRB9FFaiUjfi6LdCg6p9ka1u8SfGkUFs4SKvPpump,2026-08-13T14:00:00Z,2026-08-13T15:00:00Z,2026-08-14T03:00:00Z,12,2.450322209347,2.450322209347,0.41156079738100537,-2.608162449739504
2026-08-17-paper-strategy-feasibility,holder-breadth-nonpositive-arm-v1,comparison,chronological-block-2,base,CHEAT.SH,0xadfd54cb2997d3a0077f0aafbd8ebbf9ac10b99c,2026-08-14T23:00:00Z,2026-08-15T00:00:00Z,2026-08-15T12:00:00Z,12,5.941988748134,5.941988748134,3.8337431720461224,0.7111030536948837
2026-08-17-paper-strategy-feasibility,holder-breadth-nonpositive-arm-v1,comparison,chronological-block-2,base,MONGO,0xadf9afd4fa1dfef7a06a7cd56140af14a4dc2860,2026-08-15T04:00:00Z,2026-08-15T05:00:00Z,2026-08-15T17:00:00Z,12,-27.135411693816,-27.135411693816,-28.585417001109057,-30.733100741433837
2026-08-17-paper-strategy-feasibility,holder-breadth-nonpositive-arm-v1,comparison,chronological-block-2,solana,CATE,Ai66LHZG9MCzg1WKdawwqduVAXpNDUuV8M3uyq5ppump,2026-08-14T19:00:00Z,2026-08-14T20:00:00Z,2026-08-15T08:00:00Z,12,2.56103351346,2.56103351346,0.5200689465421515,-2.502917516267089
2026-08-17-paper-strategy-feasibility,holder-breadth-nonpositive-arm-v1,comparison,chronological-block-2,solana,CATE,Ai66LHZG9MCzg1WKdawwqduVAXpNDUuV8M3uyq5ppump,2026-08-15T08:00:00Z,2026-08-15T09:00:00Z,2026-08-15T21:00:00Z,12,17.558090846,17.558090846,15.218684838164599,11.753660110478737
2026-08-17-paper-strategy-feasibility,holder-breadth-nonpositive-arm-v1,comparison,chronological-block-2,solana,TOAD,A13oRB9FFaiUjfi6LdCg6p9ka1u8SfGkUFs4SKvPpump,2026-08-14T16:00:00Z,2026-08-14T17:00:00Z,2026-08-15T05:00:00Z,12,-12.182363922875,-12.182363922875,-13.92993488080979,-16.518359704183037
2026-08-17-paper-strategy-feasibility,holder-breadth-nonpositive-arm-v1,comparison,chronological-block-2,solana,TOAD,A13oRB9FFaiUjfi6LdCg6p9ka1u8SfGkUFs4SKvPpump,2026-08-15T07:00:00Z,2026-08-15T08:00:00Z,2026-08-15T20:00:00Z,12,9.415992843948,9.415992843948,7.238614586353442,4.013578197278078
2026-08-17-paper-strategy-feasibility,holder-breadth-nonpositive-arm-v1,comparison,chronological-block-3,base,CHEAT.SH,0xadfd54cb2997d3a0077f0aafbd8ebbf9ac10b99c,2026-08-15T12:00:00Z,2026-08-15T13:00:00Z,2026-08-16T01:00:00Z,12,11.388470074942,11.388470074942,9.171839520450643,5.888664364991714
2026-08-17-paper-strategy-feasibility,holder-breadth-positive-arm-v1,comparison,chronological-block-1,base,CHEAT.SH,0xadfd54cb2997d3a0077f0aafbd8ebbf9ac10b99c,2026-08-13T22:00:00Z,2026-08-13T23:00:00Z,2026-08-14T11:00:00Z,12,-14.436027897979,-14.436027897979,-16.13875094280921,-18.66074902051629
2026-08-17-paper-strategy-feasibility,holder-breadth-positive-arm-v1,comparison,chronological-block-1,base,MONGO,0xadf9afd4fa1dfef7a06a7cd56140af14a4dc2860,2026-08-13T12:00:00Z,2026-08-13T13:00:00Z,2026-08-14T01:00:00Z,12,-9.000244215931,-9.000244215931,-10.811139356033973,-13.493357157769415
2026-08-17-paper-strategy-feasibility,holder-breadth-positive-arm-v1,comparison,chronological-block-1,base,PRISMA,0xadf0d31463cb2f2a88dbf0bcb22964a7d5960c25,2026-08-13T17:00:00Z,2026-08-13T18:00:00Z,2026-08-14T06:00:00Z,12,-19.162651431196,-19.162651431196,-20.771314667715203,-23.15399551678069
2026-08-17-paper-strategy-feasibility,holder-breadth-positive-arm-v1,comparison,chronological-block-1,solana,CATE,Ai66LHZG9MCzg1WKdawwqduVAXpNDUuV8M3uyq5ppump,2026-08-13T13:00:00Z,2026-08-13T14:00:00Z,2026-08-14T02:00:00Z,12,9.069551102033,9.069551102033,6.899067035102546,3.6842420163701206
2026-08-17-paper-strategy-feasibility,holder-breadth-positive-arm-v1,comparison,chronological-block-1,solana,TOAD,A13oRB9FFaiUjfi6LdCg6p9ka1u8SfGkUFs4SKvPpump,2026-08-13T15:00:00Z,2026-08-13T16:00:00Z,2026-08-14T04:00:00Z,12,-2.010314396209,-2.010314396209,-3.9603091397244383,-6.848555122896183
2026-08-17-paper-strategy-feasibility,holder-breadth-positive-arm-v1,comparison,chronological-block-2,base,AI-HEDGE-FUND,0xadf4d5b9d7e54e3e85b667ed613a285bce36b821,2026-08-14T18:00:00Z,2026-08-14T19:00:00Z,2026-08-15T07:00:00Z,12,3.294051839269,3.294051839269,1.2385002076675589,-1.8060919702948985
2026-08-17-paper-strategy-feasibility,holder-breadth-positive-arm-v1,comparison,chronological-block-2,base,CHEAT.SH,0xadfd54cb2997d3a0077f0aafbd8ebbf9ac10b99c,2026-08-15T03:00:00Z,2026-08-15T04:00:00Z,2026-08-15T16:00:00Z,12,19.822921385131,19.822921385131,17.438445249566882,13.906664641740152
2026-08-17-paper-strategy-feasibility,holder-breadth-positive-arm-v1,comparison,chronological-block-2,base,MONGO,0xadf9afd4fa1dfef7a06a7cd56140af14a4dc2860,2026-08-14T12:00:00Z,2026-08-14T13:00:00Z,2026-08-15T01:00:00Z,12,8.265821896932,8.265821896932,6.11133204118306,2.9201969407709694
2026-08-17-paper-strategy-feasibility,holder-breadth-positive-arm-v1,comparison,chronological-block-2,base,MONGO,0xadf9afd4fa1dfef7a06a7cd56140af14a4dc2860,2026-08-15T02:00:00Z,2026-08-15T03:00:00Z,2026-08-15T15:00:00Z,12,-37.371961270188,-37.371961270188,-38.61825924091126,-40.46422068247247
2026-08-17-paper-strategy-feasibility,holder-breadth-positive-arm-v1,comparison,chronological-block-2,base,PRISMA,0xadf0d31463cb2f2a88dbf0bcb22964a7d5960c25,2026-08-14T12:00:00Z,2026-08-14T13:00:00Z,2026-08-15T01:00:00Z,12,-2.75854318107,-2.75854318107,-4.693648171766707,-7.559840111504668
2026-08-17-paper-strategy-feasibility,holder-breadth-positive-arm-v1,comparison,chronological-block-2,base,PRISMA,0xadf0d31463cb2f2a88dbf0bcb22964a7d5960c25,2026-08-15T10:00:00Z,2026-08-15T11:00:00Z,2026-08-15T23:00:00Z,12,133.849940625327,133.849940625327,129.19632680688298,122.30359980695144
2026-08-17-paper-strategy-feasibility,holder-breadth-positive-arm-v1,comparison,chronological-block-2,solana,CATE,Ai66LHZG9MCzg1WKdawwqduVAXpNDUuV8M3uyq5ppump,2026-08-15T04:00:00Z,2026-08-15T05:00:00Z,2026-08-15T17:00:00Z,12,25.604065344576,25.604065344576,23.104544444218945,19.402364618187562
2026-08-17-paper-strategy-feasibility,holder-breadth-positive-arm-v1,comparison,chronological-block-2,solana,TOAD,A13oRB9FFaiUjfi6LdCg6p9ka1u8SfGkUFs4SKvPpump,2026-08-15T02:00:00Z,2026-08-15T03:00:00Z,2026-08-15T15:00:00Z,12,3.319101177975,3.319101177975,1.2630510645333048,-1.7822794426875177
2026-08-17-paper-strategy-feasibility,holder-breadth-positive-arm-v1,comparison,chronological-block-3,solana,CATE,Ai66LHZG9MCzg1WKdawwqduVAXpNDUuV8M3uyq5ppump,2026-08-15T18:00:00Z,2026-08-15T19:00:00Z,2026-08-16T07:00:00Z,12,3.075792928192,3.075792928192,1.0245846489209898,-2.013574347637481
2026-08-17-paper-strategy-feasibility,sustained-markup-confirmation-v1,entry,chronological-block-1,solana,CATE,Ai66LHZG9MCzg1WKdawwqduVAXpNDUuV8M3uyq5ppump,2026-08-13T16:00:00Z,2026-08-13T17:00:00Z,2026-08-13T21:00:00Z,4,-2.026622757067,-2.026622757067,-3.9762929642013556,-6.8640582584368115
2026-08-17-paper-strategy-feasibility,sustained-markup-confirmation-v1,entry,chronological-block-1,solana,CATE,Ai66LHZG9MCzg1WKdawwqduVAXpNDUuV8M3uyq5ppump,2026-08-13T23:00:00Z,2026-08-14T00:00:00Z,2026-08-14T04:00:00Z,4,-8.552920761774,-8.552920761774,-10.372717638614692,-13.068120299161412
2026-08-17-paper-strategy-feasibility,sustained-markup-confirmation-v1,entry,chronological-block-2,base,CHEAT.SH,0xadfd54cb2997d3a0077f0aafbd8ebbf9ac10b99c,2026-08-15T07:00:00Z,2026-08-15T08:00:00Z,2026-08-15T12:00:00Z,4,18.929117456434,18.929117456434,16.562428019050945,13.05699228202255
2026-08-17-paper-strategy-feasibility,sustained-markup-confirmation-v1,entry,chronological-block-3,base,PRISMA,0xadf0d31463cb2f2a88dbf0bcb22964a7d5960c25,2026-08-15T18:00:00Z,2026-08-15T19:00:00Z,2026-08-15T23:00:00Z,4,29.973359012607,29.973359012607,27.38688916825611,23.55592441135954
2026-08-17-paper-strategy-feasibility,sustained-markup-confirmation-v1,entry,chronological-block-3,solana,CATE,Ai66LHZG9MCzg1WKdawwqduVAXpNDUuV8M3uyq5ppump,2026-08-15T12:00:00Z,2026-08-15T13:00:00Z,2026-08-15T17:00:00Z,4,8.728463231737,8.728463231737,6.564766813425416,3.359995359669976
2026-08-17-paper-strategy-feasibility,sustained-markup-confirmation-v1,entry,chronological-block-3,solana,CATE,Ai66LHZG9MCzg1WKdawwqduVAXpNDUuV8M3uyq5ppump,2026-08-15T17:00:00Z,2026-08-15T18:00:00Z,2026-08-15T22:00:00Z,4,-4.259650891764,-4.259650891764,-6.164883839017898,-8.986830628983157
2026-08-17-paper-strategy-feasibility,sustained-markup-confirmation-v1,entry,chronological-block-3,solana,CATE,Ai66LHZG9MCzg1WKdawwqduVAXpNDUuV8M3uyq5ppump,2026-08-15T22:00:00Z,2026-08-15T23:00:00Z,2026-08-16T03:00:00Z,4,-5.453865219084,-5.453865219084,-7.335333301224233,-10.122080623891726
